result,name,age,pros,cons,likes,dislikes,tagline,description,index
ESFP,코코,6,"주도성, 댄스, 노래",참을성이 없음,"새로운 것, BDS(방탄 공룡단)","지루함, 불의",걸크러쉬 골목대장,"자기 주장이 강하고 지는 걸 못 참는 캐릭터. 어떤 일에 쉽게 흥미를 느끼는 편이나, 싫증도 잘 낸다. 불의를 못 참는 성격이라 때때로 급발진을 한다. (동생을 놀리는 공룡이나, 쓰레기 무단 투척범을 응징!) 동생이 힘들 때면 언제나 해결사를 자처하는 듬직한 누나. 아빠와 개그 코드가 잘 맞아서 함께 장난치는 걸 즐기는 사랑스러운 딸이다.",15
ISFP,러비,4,먹기,"거짓말을 못함, 꼬리가 짧다","장난감, 먹기, 누나",먹을 것 나눠주기,단순하고 솔직한 귀염둥이,"단순하고 긍정적인 캐릭터. 호기심이 있어 누나의 제안에 잘 따르는 편이다. (희생자가 되기도 함.) 너무 솔직한 탓에, 아빠의 창작물을 본의 아니게 신랄히 비판하기도 한다. (마음의 상처를 받는 아빠.) 거짓말을 할때는 엄청 티가나며, 친구들 보다 꼬리가 짧은 것에 콤플렉스가 있다.",16
ENTJ,도나,37,"프로그래밍, 계산","요리, 노래, 미술","커피, 계획 짜기, 정리정돈","어지럽혀진 장소, 바퀴벌레",코코비 가족의 리더,"계획하기를 좋아하고, 실행력도 있는 가족의 실세. 아이들을 누구보다 사랑하지만, 본인의 일도 멋지게 해내는 능력자. 평소 아티스트인 남편의 꿈을 응원하며, 동시에 집안일의 상당 부분을 의지하고 있다. 필요할 땐, 모든 걸 제쳐두고 아이들에게 달려오는 듬직한 엄마.",1
ENFP,밥,35,"미술, 음악, 글쓰기, 집안일","계산, 계획대로 살기","창작 활동, 아이들과 역할 놀이","계산, 고정 관념","창의력 대장, 만능 아티스트","창작에 전반적으로 소질이 있는 뛰어난 아티스트. 미술, 음악, 글쓰기를 두루 잘한다. 외부에서 의뢰가 들어올 떄마다 프리랜서로 일하는데, 취향이 독특해 돈을 많이 벌지는 못한다. 상상력과 연기력이 좋아, 아이들과 역할놀이를 즐긴다. 유머가 있고 장난도 많이 치는 편.",2
ESFP,라라,1,빠르게 기어다니기,말을 못한다,"엄마, 아빠",양보,돌연변이 막내 아기,"온 가족의 관심과 사랑을 받는 아기 캐릭터. 돌연변이 색깔을 타고 태어났으며, 말은 못하지만 짜증은 확실히 낼 줄 아는 신기한 아기! ",3
ISTP,조지,65,"낚시, 목공, 배 운항",너무 과묵함,낚시,낚시를 방해하는 것들,과묵하고 따뜻한 낚시꾼,"젊었을 때는 어부였으나 은퇴하고는 낚시터를 운영하며 유유 자적한 일상을 즐긴다. 손주 손녀를 엄청 사랑하지만, 말 수가 거의 없어 가족들이 답답해 한다. 낚시를 즐기기 때문에, 가족이 먹을 물고기는 할아버지가 대부분 수급하는 편. 손재주가 좋아 아이들이 원하는 게 있으면 뚝딱뚝딱 만들어준다.",4
ISFJ,마샤,65,"식물 재배, 요리, 반려 동물 케어",남편과는 티격태격,"명상, 독서, 뜨개질",낚시,자애로운 집안의 어른,"집 앞 정원에서는 다양한 꽃과 넝쿨을, 집 뒤 텃밭에서는 다양한 작물을 키운다. 직접 키운 식재료로 건강식을 요리해 가족과 이웃을 대접하는 것을 즐긴다. 코코와 러비에게 다양한 삶의 지혜를 제공하며, 반려동물을 키우고 있다. 평소 온화하지만, 낚시밖에 모르는 동갑내기 남편과 자주 티격태격한다.",5
ESTP,션,28,"서핑, 체력","계산, 계획대로 살기","서핑, 캠핑, 모험","계산, 고정관념",건강하고 유쾌한 서핑 청년,"바다를 너무 사랑해 서핑샵을 운영하며 동시에 서퍼로 활동하는 근육질 청년. 시간이 날때면 조카들을 데리고 캠핑을 가기거나 작은 모험을 떠나기도 한다. (혼자서는 더 큰 탐험을 즐긴다!) 평소 친구같은 삼촌이지만, 한편으로는 해변의 안전요원 역할을 수행 하며 아이들을 엄격하게 관리한다. 서핑샵 옆에 주차된 개조한 캠핑카 안에서 숙식을 해결한다.",6
INFP,잭잭,4,"자수 놓기, 괴력",소심한 성격,"애착 인형, 채식","육식, 싸움",소심하지만 힘이 센 둘째,"타고난 괴력을 지녔으나, 성격이 소심하고 예민한 감수성을 지닌 캐릭터. 동화책을 보며 혼자 울기도 하고, 자신의 애착 인형에게 혼자 말을 걸기도 한다. 평소 호탕한 집 분위기에 끼지 못해 울적해지기도 하고, 소극적인 성격이라 친구들에게 종종 끌려 다닌다. 하지만 한 번씩 폭발할 때면, 티라노 특유의 괴성을 내지르며 엄청난 힘을 선보인다.",7
ESTJ,잭슨,6,용감,단순,"운동, 승리",패배,파이팅 넘치는 무대뽀 맏형,"언제나 나서기를 좋아하고 운동도 좋아하는 단순한 캐릭터. 동갑인 니코와 친하지만, 동시에 라이벌 의식을 가지고 있다. 코코에게 호감이 있지만 부끄러워 말은 하지 못한다.",12
ISTJ,벨,4,"모든 운동, 체력",그림 그리기,모든 운동,그림 그리기,털털하고 의리있는 스포티 걸,매사에 추진력이 강하고 털털한 매력의 소유자. (just do it 마인드) 모든 운동을 잘하고 또 좋아한다. 그림 그리기를 너무 못해서 가끔 의기소침해 진다. 귀여운 것만 보면 눈이 하트로 변하며 사족을 못 쓰게 된다.,8
INTJ,니코,6,"외모, 똑똑함",없음,가족,벌레,잘생기고 똑똑한 인기남,"잘생기고 똑똑하며 살짝 시크한 캐릭터. 부모님과 선생님 말씀도 잘 듣고 교우관계도 원만하다. 크게 튀는 약점도 없어 모두가 좋아하지만, 말 수가 적고 살짝 시크한 편이다. 가족들 앞에서는 말이 많아지는 편. ",11
INTP,톰,6,"분석, 계산, 기억",공감 능력이 약하다,"코코, BDS(방탄 공룡단)",우는 아이,시니컬한 팩트 폭격기,부모님을 닮아 뛰어난 두뇌를 가지고 있는 코코의 단짝 친구. 문제 해결 능력이 뛰어나 항상 정확한 정답을 제시한다. 하지만 공감 능력이 없어 의도치 않게 친구들에게 상처를 입히기도 한다. 코코코와 함께 음악에 맞춰 춤을 추는 것을 좋아한다. 우는 아이를 보면 어쩔 줄 몰라한다.,10
INFJ,루,5,"루'로 말하기, '루들송' 부르기",동작이 느리다,잠자기,달리기,착하고 느린 나무늘보,"천성이 순하고, 동작이 느린 나무 늘보 같은 캐릭터. 깜짝 놀랄 때를 제외하고는 눈 뜬 모습을 보기 어렵다. '루~' 라는 어휘만으로 말하는데 가족과 친구들은 모두 잘 알아듣는다. 혼자서 가끔 요들송을 부르는데, 친구들은 '루들송'이라 호칭한다.",9
ENTP,엘론,4,"발명, 백과사전 같은 지식","잘난척이 심함, 약한 체력","칭찬받기, 1등 하기, 독서","자존심 상하는 일, 2등하기",잘난 척 잘하는 꼬마 발명가,"필요한 걸 발명해 주변의 칭찬받기를 좋아하는 꼬마 발명가. 언제나 1등을 위해 노력하는 편이며, 어들들이 원하는 일은 먼저 따라 나서는 편이다. 굉장히 똑똑하지만, 나이 차이가 있는 톰에게는 두뇌 경쟁에서 뒤지는 편. 자존심이 강해서 지는걸 싫어하는데, 체력이 약해서 친구들에게 다양한 방법으로 진다.",13
ESFJ,핑키,6,"패션 감각, 새로운 정보 전달",말이 너무 많음,"쇼핑하기, 옷 입기, 꾸미기",정적,수다쟁이 패션 리더,"말이 많고 빠르며 친구들에게 새로운 소식을 전해주는 캐릭터. 말이 워낙 많다 보니, 종종 실수도  하는 편이다. 엄마를 닮아 패션 감각이 뛰어나고, 새로운 상품에 관심이 많다. 코코와 톰의 옷을 골라주거나, 이쁜  소품으로 꾸며주는 걸 좋아한다.",14
ENFJ,제시,3,귀여움,참을성,러비,브로콜리,모두가 사랑하는 막내,"가족의 이쁨을 독차지하는 귀여운 캐릭터. 잭잭보다 어리지만, 오히려 잭잭보다 호탕한 편이다. 오빠인 러비를 좋아해서, 틈만나면 졸졸 따라다닌다. 아직 어려서, 진짜 화가 날 때면 무서울 정도로 울어댄다. 브로콜리를 정말 싫어한다.",17